INSERT INTO sp_street (street_code, street_name) VALUES
(1, 'Ленина улица'),
(2, 'Киевская улица'),
(3, 'Пушкина улица'),
(4, 'Гагарина проспект'),
(5, 'Победы проспект');

INSERT INTO sp_university (university_id, university_name) VALUES
(1, 'НТУ ХПИ'),
(2, 'Университет Каразина'),
(3, 'ХНУРЕ'),
(4, 'Университет Шевченка');

INSERT INTO sp_country_struct (area_id, area_name) VALUES
('010000000000', 'Город'),
('010010000000', 'Город Район 1'),
('010020000000', 'Город Район 2'),
('010030000000', 'Город Район 3'),
('010040000000', 'Город Район 4'),

('020000000000', 'Край'),
('020010000000', 'Край Область 1'),
('020010010000', 'Край Область 1 Район 1'),
('020010010001', 'Край Область 1 Район 1 Поселение 1'),
('020010010002', 'Край Область 1 Район 1 Поселение 2'),
('020010020000', 'Край Область 1 Район 2'),
('020010020001', 'Край Область 1 Район 2 Поселение 1'),
('020010020002', 'Край Область 1 Район 2 Поселение 2'),
('020010020003', 'Край Область 1 Район 2 Поселение 3'),
('020020000000', 'Край Область 2'),
('020020010000', 'Край Область 2 Район 1 '),
('020020010001', 'Край Область 2 Район 1 Поселение 1'),
('020020010002', 'Край Область 2 Район 1 Поселение 2'),
('020020010003', 'Край Область 2 Район 1 Поселение 3'),
('020020020000', 'Край Область 2 Район 2'),
('020020020001', 'Край Область 2 Район 2 Поселение 1'),
('020020020002', 'Край Область 2 Район 2 Поселение 2');

INSERT INTO sp_passport_office (p_office_id, p_office_area_id, p_office_name) VALUES
(1, '010010000000', 'Паспортный стол Района 1 Города'),
(2, '010020000000', 'Паспортный стол 1 Района 2 Города'),
(3, '010020000000', 'Паспортный стол 2 Района 2 Города'),
(4, '010010000000', 'Паспортный стол Района 3 Города'),
(5, '020010010001', 'Паспортный стол Область 1 Поселение 1'),
(6, '020010020002', 'Паспортный стол Область 1 Поселение 2'),
(7, '020020010000', 'Паспортный стол Область 2 Район 1'),
(8, '020020020000', 'Паспортный стол Область 2 Район 2');

INSERT INTO sp_register_office (r_office_id, r_office_area_id, r_office_name) VALUES
(1, '010010000000', 'ЗАГС 1 Района 1 Города'),
(2, '010010000000', 'ЗАГС 2 Района 1 Города'),
(3, '010020000000', 'ЗАГС Района 2 Города'),
(4, '020010010001', 'ЗАГС Область 1 Поселения 1'),
(5, '020010020002', 'ЗАГС Область 1 Поселения 2'),
(6, '020020010000', 'ЗАГС Область 2 Район 1'),
(7, '020020020000', 'ЗАГС Область 2 Район 2');